id,name,model_id:id,group_id:id,perm_read,perm_write,perm_create,perm_unlink
access_pos_order_category_wizard,access_pos_order_category_wizard,model_pos_order_category_wizard,base.group_user,1,1,1,1
access_pos_category_report,access_pos_category_report,model_pos_category_report,base.group_user,1,1,1,1
access_pos_order_product_wizard,access_pos_order_product_wizard,model_pos_order_product_wizard,base.group_user,1,1,1,1
access_pos_product_report,access_pos_product_report,model_pos_product_report,base.group_user,1,1,1,1
access_pos_order_product_stock_wizard,access_pos_order_product_stock_wizard,model_pos_order_product_stock_wizard,base.group_user,1,1,1,1
access_pos_product_stock_report,access_pos_product_stock_report,model_pos_product_stock_report,base.group_user,1,1,1,1